COMMERCES,Démarcheurs APE,Montant du DON,Commentaire don,ENFANT / ADULTE / MIX,Fille / Garçon / mix,Est au local avec un Certificat,Site internet / logo,Ville,Pays,Code Postal,,Suivi
Boulangerie du Centre,Alice,"8,00 €",Bon pour 2 galettes des rois,Mix,Mix,Oui,,Valleiry,F,74520,,
Boulangerie du Centre,Alice,"8,00 €",Bon pour 2 galettes des rois,Mix,Mix,Oui,,Valleiry,F,74520,,
Fromagerie des Alpes,Bruno,"12,00 €",Plateau de fromages,Adulte,Mix,Oui,,Saint-Julien-en-Genevois,F,74160,,
Fromagerie des Alpes,Bruno,"10,00 €",Raclette 500 g,Adulte,Mix,Oui,,Saint-Julien-en-Genevois,F,74160,,
Cave du Salève,Bruno,"11,50 €",Bouteille de vin rouge,Adulte,Mix,Oui,,Archamps,F,74160,,
Cave du Salève,Bruno,"9,90 €",Bouteille de vin blanc,Adulte,Mix,Oui,,Archamps,F,74160,,
Fleuriste Les Pétales,Alice,"10,00 €",Bouquet de saison,Adulte,Mix,Non,,Viry,F,74580,,
Salon Belle Mèche,Chloé,"12,00 €",Bon pour un brushing,Adulte,Fille,Non,,Valleiry,F,74520,,
Librairie Page 12,Chloé,"7,50 €",Roman policier,Adulte,Mix,Oui,,Annemasse,F,74100,,
Pâtisserie Douceurs,David,"9,00 €",Boîte de macarons,Mix,Mix,Oui,,Vulbens,F,74520,,
Torréfaction du Lac,David,"11,00 €",Coffret de cafés,Adulte,Mix,Oui,,Annecy,F,74000,,
Épicerie Vrac & Co,Alice,"12,00 €",Panier garni,Adulte,Mix,Oui,,Viry,F,74580,,
Brasserie La Mousse,Bruno,"10,50 €",Coffret de 3 bières,Adulte,Mix,Oui,,Thoiry,F,01710,,
Ferme du Vuache,Chloé,"8,50 €",Jus de pomme et confiture,Mix,Mix,Oui,,Vulbens,F,74520,,
Coutellerie Alpine,David,"28,00 €",Couteau de poche,Adulte,Mix,Oui,,Annecy,F,74000,,
Restaurant Le Chalet,Alice,"30,00 €",Bon d'achat repas 30€,Adulte,Mix,Non,,Saint-Julien-en-Genevois,F,74160,,
Institut Zen,Chloé,"25,00 €",Bon pour un soin du visage,Adulte,Fille,Non,,Annemasse,F,74100,,
Garage Martin,Bruno,"27,00 €",Kit entretien voiture,Adulte,Mix,Oui,,Valleiry,F,74520,,
Golf du Genevois,David,"29,00 €",Initiation golf,Adulte,Mix,Non,,Bossey,F,74160,,
Sport 2000,Alice,"24,00 €",Sac de sport,Adulte,Mix,Oui,,Thoiry,F,01710,,
Maison du Thé,Chloé,"22,00 €",Coffret de thés,Adulte,Mix,Oui,,Gex,F,01170,,
Cinéma Les Toiles,David,"20,00 €",2 places de cinéma,Mix,Mix,Non,,Archamps,F,74160,,
Domaine de la Mucelle,Bruno,"37,00 €",3 bouteilles de vin,Adulte,Mix,Oui,,Peron,F,01630,,
Spa des Neiges,Chloé,"60,00 €",Entrée spa pour 2,Adulte,Mix,Non,,Annecy,F,74000,,
Restaurant Lac Bleu,Alice,"50,00 €",Bon d'achat repas 50€,Adulte,Mix,Non,,Annecy,F,74000,,
Électro Plus,David,"45,00 €",Cafetière,Adulte,Mix,Oui,,Annemasse,F,74100,,
Karting Indoor,Bruno,"40,00 €",2 sessions de karting,Adulte,Mix,Non,,Archamps,F,74160,,
Club Aéronautique,David,"40,00 €",Baptême de l'air 10 min,Adulte,Mix,Non,,Annemasse,F,74100,,
Bijouterie Éclat,Chloé,"55,00 €",Bracelet argent,Adulte,Fille,Oui,,Saint-Julien-en-Genevois,F,74160,,
Décor & Maison,Alice,"42,00 €",Lampe d'ambiance,Adulte,Mix,Oui,,Gex,F,01170,,
Hôtel des Cimes,Bruno,"65,00 €",Brunch pour 2,Adulte,Mix,Non,,Annecy,F,74000,,
Paddle Léman,David,"48,00 €",Location paddle 2h,Adulte,Mix,Non,,Thonon-les-Bains,F,74200,,
Magasin Bricolage,Alice,"52,00 €",Perceuse sans fil,Adulte,Mix,Oui,,Viry,F,74580,,
Parc Aventure,Chloé,"58,00 €",Parcours accrobranche pour 2,Mix,Mix,Non,,Archamps,F,74160,,
APE de Valleiry,Alice,"299,99 €",Aspirateur robot,Adulte,Mix,Oui,,,,,,Achat APE (gros lot)
APE de Valleiry,Alice,"89,99 €",Enceinte Bluetooth,Adulte,Mix,Oui,,,,,,Achat APE
Jouets & Cie,Chloé,"6,00 €",Puzzle 100 pièces,Enfant,Mix,Oui,,Valleiry,F,74520,,
Jouets & Cie,Chloé,"7,00 €",Jeu de cartes,Enfant,Mix,Oui,,Valleiry,F,74520,,
Bowling du Genevois,David,"6,50 €",Bon pour une partie,Enfant,Mix,Non,,Annemasse,F,74100,,
Bowling du Genevois,David,"6,50 €",Bon pour une partie,Enfant,Mix,Non,,Annemasse,F,74100,,
Papeterie Crayon,Bruno,"7,00 €",Kit de coloriage,Enfant,Mix,Oui,,Viry,F,74580,,
Chocolaterie Cacao,Alice,"5,50 €",Sucettes en chocolat,Enfant,Mix,Oui,,Saint-Julien-en-Genevois,F,74160,,
Librairie Page 12,Chloé,"6,90 €",Album jeunesse,Enfant,Mix,Oui,,Annemasse,F,74100,,
Magie Enfance,David,"16,00 €",Coffret de magie,Enfant,Mix,Oui,,Annecy,F,74000,,
Jouets & Cie,Chloé,"15,00 €",Jeu de société,Enfant,Mix,Oui,,Valleiry,F,74520,,
Piscine Municipale,Alice,"12,00 €",Carte 5 entrées,Enfant,Mix,Non,,Saint-Julien-en-Genevois,F,74160,,
Lego Store,Bruno,"17,00 €",Boîte de construction,Enfant,Garçon,Oui,,Archamps,F,74160,,
Mode Kids,Chloé,"14,00 €",Sac à dos enfant,Enfant,Fille,Oui,,Thoiry,F,01710,,
Trampoline Park,David,"35,00 €",2 entrées trampoline,Enfant,Mix,Non,,Archamps,F,74160,,
Ludothèque Arc-en-ciel,Alice,"32,00 €",Grand jeu de construction,Enfant,Mix,Oui,,Viry,F,74580,,
Ferme pédagogique,Bruno,"25,00 €",Visite pour 2 enfants,Enfant,Mix,Non,,Vulbens,F,74520,,
Vélo Passion,David,"30,00 €",Casque vélo enfant,Enfant,Mix,Oui,,Valleiry,F,74520,,
Caviste Le Tonneau,Bruno,"9,50 €",Bouteille de cidre artisanal,Adulte,Mix,Oui,,Gex,F,01170,,
Savonnerie du Mont,Chloé,"8,00 €",Coffret de savons,Adulte,Fille,Oui,,Thoiry,F,01710,,
Miellerie des Voirons,Alice,"9,00 €",Pot de miel 500 g,Mix,Mix,Oui,,Annemasse,F,74100,,
Pépinière Verte,David,"7,00 €",Plante aromatique,Adulte,Mix,Oui,,Viry,F,74580,,
Bougies & Senteurs,Chloé,"9,50 €",Bougie parfumée,Adulte,Mix,Oui,,Annecy,F,74000,,
Charcuterie Savoyarde,Bruno,"10,00 €",Saucisson et diots,Adulte,Mix,Oui,,Saint-Julien-en-Genevois,F,74160,,
Opticien Vision,Alice,"8,00 €",Kit d'entretien lunettes,Adulte,Mix,Oui,,Valleiry,F,74520,,
Pressing Net,David,"9,00 €",Bon pour un nettoyage,Adulte,Mix,Non,,Viry,F,74580,,
Glacier Le Cornet,Chloé,"6,00 €",Bon pour 2 glaces,Enfant,Mix,Non,,Annecy,F,74000,,
Marchand de Bonbons,Alice,"5,00 €",Sachet de bonbons,Enfant,Mix,Oui,,Valleiry,F,74520,,
Maison de la Presse,David,"6,50 €",Livre d'autocollants,Enfant,Mix,Oui,,Gex,F,01170,,
Atelier Créatif,Bruno,"7,00 €",Kit de perles,Enfant,Fille,Oui,,Thoiry,F,01710,,
Ballons & Fêtes,Chloé,"5,50 €",Kit de bulles géantes,Enfant,Mix,Oui,,Archamps,F,74160,,
Mini Golf du Lac,Alice,"7,00 €",Partie de mini-golf,Enfant,Mix,Non,,Annecy,F,74000,,
Jardinerie Botanic,David,"18,00 €",Kit potager enfant,Enfant,Mix,Oui,,Saint-Genis-Pouilly,F,01630,,
Escape Game Énigma,Bruno,"25,00 €",Bon d'achat 25€,Mix,Mix,Non,,Annecy,F,74000,,
Tabac Presse,Alice,"3,00 €",Magazine,Mix,Mix,Oui,,Viry,F,74580,,Ignoré (< 5 €)
Garage Dupont,Bruno,,,,,,,Valleiry,F,74520,,En attente de réponse
Supermarché Central,Chloé,,,,,,,Annemasse,F,74100,,Refus : tout passe par le siège
